signal,entry,exit,expiry,why,structure,dir,reg,lots,legs,net_prem,max_loss,costs,pnl,bias,agree,spot
2024-10-03,2024-10-04,2024-10-10,2024-10-10,expiry,Bear put spread,bear,mid,7,B 25250 PE / S 25050 PE,111.2,19460,173,15367,-27,3,25250.1
2024-10-10,2024-10-11,2024-10-14,2024-10-17,stop,Iron butterfly,neu,mid,15,S 25000 CE / S 25000 PE / B 25200 CE / B 24800 PE,-148.5,19312,459,-2821,-2,2,24998.45
2024-10-14,2024-10-15,2024-10-17,2024-10-17,expiry,Bull call spread,bull,mid,20,B 25150 CE / S 25350 CE,38.85,19425,67,-19492,27,2,25127.95
2024-10-17,2024-10-18,2024-10-23,2024-10-24,stop,Iron butterfly,neu,mid,17,S 24750 CE / S 24750 PE / B 24950 CE / B 24550 PE,-154.7,19253,548,-11152,-19,3,24749.85
2024-10-23,2024-10-24,2024-10-31,2024-10-31,expiry,Bear call spread,bear,high,4,S 25000 CE / B 25200 CE,-6.25,19375,50,575,-44,3,24435.5
2024-10-31,2024-11-01,2024-11-07,2024-11-07,expiry,Bear call spread,bear,high,4,S 24800 CE / B 25000 CE,-15.8,18420,52,1528,-59,3,24205.35
2024-11-07,2024-11-08,2024-11-14,2024-11-14,expiry,Bear call spread,bear,high,4,S 24500 CE / B 24700 CE,-18.75,18125,52,1823,-66,4,24199.35
2024-11-14,2024-11-18,2024-11-21,2024-11-21,expiry,Bear put spread,bear,mid,8,B 23550 PE / S 23350 PE,96.1,19220,133,20647,-40,3,23532.7
2024-11-21,2024-11-22,2024-11-25,2024-11-28,stop,Bear call spread,bear,high,16,S 23500 CE / B 23700 CE,-149.7,20120,892,-21812,-31,3,23349.9
2024-11-25,2024-11-26,2024-11-28,2024-11-28,expiry,Bull put spread,bull,high,4,S 24000 PE / B 23800 PE,-20.5,17950,53,-6588,51,3,24221.9
2024-11-28,2024-11-29,2024-12-05,2024-12-05,expiry,Iron condor,neu,high,4,S 23500 PE / B 23300 PE / S 24500 CE / B 24700 CE,-30.2,16980,104,-17084,-3,2,23914.15
2024-12-05,2024-12-06,2024-12-12,2024-12-12,expiry,Bull call spread,bull,mid,8,B 24700 CE / S 24900 CE,87.75,17550,90,-17640,37,3,24708.4
2024-12-12,2024-12-13,2024-12-19,2024-12-19,expiry,Long straddle,neu,low,2,B 24550 CE / B 24550 PE,351.3,17565,92,12258,14,0,24548.7
2024-12-19,2024-12-20,2024-12-26,2024-12-26,expiry,Bear put spread,bear,mid,5,B 23950 PE / S 23750 PE,138.5,17312,144,7518,-43,2,23951.7
2024-12-26,2024-12-27,2024-12-31,2025-01-02,stop,Iron butterfly,neu,mid,6,S 23750 CE / S 23750 PE / B 23950 CE / B 23550 PE,-157.3,19215,534,74,-13,0,23750.2
2024-12-31,2025-01-01,2025-01-02,2025-01-02,expiry,Bear put spread,bear,mid,5,B 23650 PE / S 23450 PE,45.4,17025,72,-17097,-51,3,23644.8
2025-01-03,2025-01-06,2025-01-09,2025-01-09,expiry,Bear put spread,bear,mid,1,B 24000 PE / S 23800 PE,144.05,10804,137,4059,-32,3,24004.75
2025-01-09,2025-01-10,2025-01-16,2025-01-16,expiry,Bear put spread,bear,mid,2,B 23550 PE / S 23350 PE,93.25,13988,131,15881,-59,4,23526.5
2025-01-16,2025-01-17,2025-01-22,2025-01-23,stop,Iron condor,neu,high,2,S 23200 PE / B 23000 PE / S 23500 CE / B 23700 CE,-101.4,14790,248,4042,5,1,23311.8
2025-01-22,2025-01-23,2025-01-28,2025-01-30,stop,Iron condor,neu,high,6,S 23000 PE / B 22800 PE / S 23500 CE / B 23700 CE,-84.9,17265,258,-903,-1,1,23155.35
2025-01-28,2025-01-29,2025-01-30,2025-01-30,expiry,Bear call spread,bear,high,9,S 23000 CE / B 23200 CE,-114.15,19316,148,-19465,-23,2,22957.25
2025-01-30,2025-01-31,2025-02-03,2025-02-06,stop,Bear call spread,bear,high,3,S 23350 CE / B 23550 CE,-122.95,17336,268,6831,-36,2,23249.5
2025-02-04,2025-02-05,2025-02-06,2025-02-06,expiry,Bull call spread,bull,mid,6,B 23750 CE / S 23950 CE,37.4,16830,66,-16896,26,3,23739.25
2025-02-06,2025-02-07,2025-02-13,2025-02-13,expiry,Bear put spread,bear,mid,2,B 23600 PE / S 23400 PE,84.6,12690,183,17127,-51,3,23603.35
2025-02-13,2025-02-14,2025-02-20,2025-02-20,expiry,Bear put spread,bear,mid,2,B 23050 PE / S 22850 PE,95.0,14250,112,6166,-34,2,23031.4
2025-02-20,2025-02-21,2025-02-27,2025-02-27,expiry,Iron butterfly,neu,mid,5,S 22900 CE / S 22900 PE / B 23100 CE / B 22700 PE,-152.9,17662,342,-18004,-10,1,22913.15
2025-02-28,2025-03-03,2025-03-06,2025-03-06,expiry,Iron butterfly,neu,mid,4,S 22100 CE / S 22100 PE / B 22300 CE / B 21900 PE,-146.1,16170,300,-16470,-16,1,22124.7
2025-03-06,2025-03-07,2025-03-11,2025-03-13,stop,Iron butterfly,neu,mid,5,S 22550 CE / S 22550 PE / B 22750 CE / B 22350 PE,-151.55,18169,427,2986,-3,0,22544.7
2025-03-11,2025-03-12,2025-03-13,2025-03-13,expiry,Iron butterfly,neu,mid,2,S 22500 CE / S 22500 PE / B 22700 CE / B 22300 PE,-102.3,14655,124,-199,-9,0,22497.9
2025-03-17,2025-03-18,2025-03-20,2025-03-20,expiry,Long put,bear,low,13,B 22500 PE,18.0,17550,31,-17581,-35,2,22508.75
2025-03-20,2025-03-21,2025-03-27,2025-03-27,expiry,Long call,bull,low,1,B 23200 CE,240.45,18034,68,11294,27,3,23190.65
2025-03-27,2025-03-28,2025-04-03,2025-04-03,expiry,Long straddle,neu,low,1,B 23600 CE / B 23600 PE,240.35,18026,88,8128,11,1,23591.95
2025-04-07,2025-04-08,2025-04-09,2025-04-09,expiry,Bear call spread,bear,high,1,S 22700 CE / B 22900 CE,-58.95,10579,59,4363,-61,4,22161.6
2025-04-09,2025-04-11,2025-04-15,2025-04-17,stop,Bear call spread,bear,high,4,S 22500 CE / B 22700 CE,-140.1,17970,723,-19293,-34,2,22399.15
2025-04-15,2025-04-16,2025-04-17,2025-04-17,expiry,Bull put spread,bull,high,1,S 23300 PE / B 23100 PE,-29.65,12776,52,2171,29,3,23328.55
2025-04-21,2025-04-22,2025-04-24,2025-04-24,expiry,Bull put spread,bull,high,1,S 24000 PE / B 23800 PE,-19.35,13549,52,1400,47,4,24125.55
2025-04-24,2025-04-25,2025-04-30,2025-04-30,expiry,Iron condor,neu,high,1,S 24000 PE / B 23800 PE / S 24500 CE / B 24700 CE,-72.15,9589,117,5294,-11,1,24246.7
2025-04-30,2025-05-02,2025-05-08,2025-05-08,expiry,Iron condor,neu,high,1,S 24000 PE / B 23800 PE / S 24800 CE / B 25000 CE,-34.6,12405,107,2488,-1,1,24334.2
2025-05-08,2025-05-09,2025-05-13,2025-05-15,stop,Iron condor,neu,high,2,S 24000 PE / B 23800 PE / S 24400 CE / B 24600 CE,-97.5,15375,312,-4205,3,1,24273.8
2025-05-13,2025-05-14,2025-05-15,2025-05-15,expiry,Bull put spread,bull,high,1,S 24000 PE / B 23800 PE,0.7,15052,48,-100,27,2,24578.35
2025-05-15,2025-05-16,2025-05-22,2025-05-22,expiry,Bull put spread,bull,high,1,S 24500 PE / B 24300 PE,-13.15,14014,52,934,38,2,25062.1
2025-05-22,2025-05-23,2025-05-27,2025-05-29,stop,Iron condor,neu,high,2,S 24500 PE / B 24300 PE / S 25000 CE / B 25200 CE,-97.4,15390,274,-42,-7,0,24609.7
2025-05-27,2025-05-28,2025-05-29,2025-05-29,expiry,Iron condor,neu,high,1,S 24500 PE / B 24300 PE / S 25000 CE / B 25200 CE,-39.7,12022,102,2875,8,2,24826.2
2025-05-29,2025-05-30,2025-06-02,2025-06-05,stop,Bull put spread,bull,high,2,S 24800 PE / B 24600 PE,-85.65,17152,196,-1658,20,2,24833.6
2025-06-02,2025-06-03,2025-06-05,2025-06-05,expiry,Iron condor,neu,high,1,S 24500 PE / B 24300 PE / S 25000 CE / B 25200 CE,-71.7,9622,110,5268,-5,2,24716.6
2025-06-06,2025-06-09,2025-06-12,2025-06-12,expiry,Bull call spread,bull,mid,2,B 25000 CE / S 25200 CE,106.9,16035,80,-16115,25,3,25003.05
2025-06-12,2025-06-13,2025-06-19,2025-06-19,expiry,Iron butterfly,neu,mid,5,S 24900 CE / S 24900 PE / B 25100 CE / B 24700 PE,-157.25,16031,337,18601,-19,1,24888.2
2025-06-20,2025-06-23,2025-06-24,2025-06-26,stop,Long call,bull,low,2,B 25100 CE,86.1,12915,73,947,33,3,25112.4
2025-06-24,2025-06-25,2025-06-26,2025-06-26,expiry,Long call,bull,low,1,B 25050 CE,221.6,16620,78,20727,38,3,25044.35
2025-06-26,2025-06-27,2025-07-03,2025-07-03,expiry,Long call,bull,low,1,B 25550 CE,203.5,15262,30,-15293,33,3,25549.0
2025-07-04,2025-07-07,2025-07-10,2025-07-10,expiry,Long straddle,neu,low,1,B 25450 CE / B 25450 PE,231.25,17344,64,-10301,3,2,25461.0
2025-07-11,2025-07-14,2025-07-17,2025-07-17,expiry,Long put,bear,low,2,B 25150 PE,115.2,17280,39,-11536,-26,3,25149.85
2025-07-17,2025-07-18,2025-07-24,2025-07-24,expiry,Long put,bear,low,1,B 25100 PE,172.3,12922,33,-10113,-42,3,25111.45
2025-07-28,2025-07-29,2025-07-31,2025-07-31,expiry,Long put,bear,low,7,B 24700 PE,31.65,16616,31,-16647,-41,3,24680.9
2025-08-01,2025-08-04,2025-08-07,2025-08-07,expiry,Long put,bear,low,4,B 24550 PE,54.9,16470,31,-16501,-27,2,24565.35
2025-08-08,2025-08-11,2025-08-12,2025-08-14,stop,Long put,bear,low,6,B 24350 PE,34.8,15660,72,-2975,-31,3,24363.3
2025-08-12,2025-08-13,2025-08-14,2025-08-14,expiry,Long put,bear,low,12,B 24500 PE,19.0,17100,31,-17131,-34,2,24487.4
2025-08-18,2025-08-19,2025-08-21,2025-08-21,expiry,Long straddle,neu,low,1,B 24900 CE / B 24900 PE,180.5,13538,70,173,1,2,24876.95
2025-08-22,2025-08-25,2025-08-28,2025-08-28,expiry,Long put,bear,low,7,B 24850 PE,30.95,16249,260,166769,-26,3,24870.1
2025-08-28,2025-08-29,2025-09-02,2025-09-02,expiry,Long put,bear,low,2,B 24500 PE,104.95,15742,31,-15773,-59,3,24500.9
2025-09-02,2025-09-03,2025-09-09,2025-09-09,expiry,Long straddle,neu,low,1,B 24600 CE / B 24600 PE,255.85,19189,81,875,-13,3,24579.6
2025-09-09,2025-09-10,2025-09-16,2025-09-16,expiry,Long call,bull,low,1,B 24850 CE,217.35,16301,67,12814,24,1,24868.6
2025-09-16,2025-09-17,2025-09-18,2025-09-23,stop,Long straddle,neu,low,1,B 25250 CE / B 25250 PE,247.5,18562,130,474,13,1,25239.1
2025-09-18,2025-09-19,2025-09-23,2025-09-23,expiry,Long straddle,neu,low,1,B 25400 CE / B 25400 PE,144.65,10849,74,6365,13,2,25423.6
2025-09-23,2025-09-24,2025-09-26,2025-09-30,stop,Long call,bull,low,3,B 25150 CE,87.0,19575,58,-18047,22,2,25169.5
2025-09-26,2025-09-29,2025-09-30,2025-09-30,expiry,Long straddle,neu,low,2,B 24650 CE / B 24650 PE,125.3,18795,63,-13023,-10,0,24654.7
2025-09-30,2025-10-01,2025-10-07,2025-10-07,expiry,Long put,bear,low,10,B 24600 PE,25.3,18975,32,-19007,-22,2,24611.1
2025-10-07,2025-10-08,2025-10-14,2025-10-14,expiry,Long call,bull,low,3,B 25100 CE,82.2,18495,45,-8302,54,3,25108.3
2025-10-16,2025-10-17,2025-10-20,2025-10-20,expiry,Long call,bull,low,1,B 25600 CE,168.6,12645,52,5539,64,4,25585.3
2025-10-20,2025-10-21,2025-10-28,2025-10-28,expiry,Long call,bull,low,1,B 25850 CE,172.25,12919,37,-6491,62,3,25843.15
2025-10-29,2025-10-30,2025-10-31,2025-11-04,stop,Long call,bull,low,3,B 26050 CE,75.05,16886,64,-10358,38,2,26053.9
2025-10-31,2025-11-03,2025-11-04,2025-11-04,expiry,Long straddle,neu,low,1,B 25700 CE / B 25700 PE,159.2,11940,62,-4326,14,0,25722.1
2025-11-04,2025-11-06,2025-11-11,2025-11-11,expiry,Bear put spread,bear,mid,2,B 25600 PE / S 25400 PE,85.15,12772,66,-12839,-22,2,25597.65
2025-11-13,2025-11-14,2025-11-18,2025-11-18,expiry,Iron butterfly,neu,mid,3,S 25900 CE / S 25900 PE / B 26100 CE / B 25700 PE,-128.35,16121,168,26450,2,2,25879.15
2025-11-20,2025-11-21,2025-11-25,2025-11-25,expiry,Bull call spread,bull,mid,5,B 26200 CE / S 26400 CE,43.4,16275,63,-16338,27,2,26192.15
2025-11-26,2025-11-27,2025-12-02,2025-12-02,expiry,Long call,bull,low,1,B 26200 CE,130.85,9814,28,-9842,24,3,26205.3
2025-12-02,2025-12-03,2025-12-09,2025-12-09,expiry,Long call,bull,low,2,B 26050 CE,111.9,16785,31,-16816,27,2,26032.2
2025-12-10,2025-12-11,2025-12-15,2025-12-16,stop,Long put,bear,low,6,B 25750 PE,39.55,17798,58,-15943,-26,2,25758.0
2025-12-16,2025-12-17,2025-12-23,2025-12-23,expiry,Long straddle,neu,low,1,B 25850 CE / B 25850 PE,233.35,17501,86,6949,-12,1,25860.1
2025-12-23,2025-12-24,2025-12-30,2025-12-30,expiry,Long call,bull,low,3,B 26200 CE,73.95,16639,31,-16670,23,2,26177.15
2025-12-30,2025-12-31,2026-01-01,2026-01-06,stop,Long put,bear,low,8,B 25950 PE,31.75,16510,67,-7581,-40,3,25938.85
2026-01-01,2026-01-02,2026-01-05,2026-01-06,stop,Long straddle,neu,low,1,B 26150 CE / B 26150 PE,212.1,13786,112,-6127,12,2,26146.55
2026-01-05,2026-01-06,2026-01-09,2026-01-13,stop,Long straddle,neu,low,1,B 26250 CE / B 26250 PE,223.65,14537,154,22531,1,0,26250.3
2026-01-09,2026-01-12,2026-01-13,2026-01-13,expiry,Long straddle,neu,low,1,B 25700 CE / B 25700 PE,168.7,10966,55,-8921,-8,0,25683.3
2026-01-13,2026-01-14,2026-01-16,2026-01-20,stop,Long straddle,neu,low,1,B 25750 CE / B 25750 PE,255.2,16588,121,-3325,-2,1,25732.3
2026-01-16,2026-01-19,2026-01-20,2026-01-20,expiry,Long straddle,neu,low,1,B 25700 CE / B 25700 PE,166.95,10852,90,19446,-15,3,25694.35
2026-01-20,2026-01-21,2026-01-27,2026-01-27,expiry,Bear put spread,bear,mid,3,B 25250 PE / S 25050 PE,87.75,17111,111,-2675,-25,2,25232.5
2026-01-27,2026-01-28,2026-02-03,2026-02-03,expiry,Iron condor,neu,high,2,S 25000 PE / B 24800 PE / S 25500 CE / B 25700 CE,-97.55,13318,149,-13467,4,1,25175.4
2026-02-03,2026-02-04,2026-02-10,2026-02-10,expiry,Bull call spread,bull,mid,3,B 25750 CE / S 25950 CE,92.15,17969,134,18001,24,2,25727.55
2026-02-10,2026-02-11,2026-02-16,2026-02-17,stop,Iron butterfly,neu,mid,4,S 25950 CE / S 25950 PE / B 26150 CE / B 25750 PE,-139.9,15626,365,-9777,20,2,25935.15
2026-02-16,2026-02-17,2026-02-20,2026-02-24,stop,Iron butterfly,neu,mid,5,S 25700 CE / S 25700 PE / B 25900 CE / B 25500 PE,-152.4,15470,445,2951,19,2,25682.75
2026-02-20,2026-02-23,2026-02-24,2026-02-24,expiry,Iron condor,neu,high,1,S 25000 PE / B 24800 PE / S 26000 CE / B 26200 CE,-4.75,12691,96,212,9,0,25571.25
2026-02-24,2026-02-25,2026-03-02,2026-03-02,expiry,Bear call spread,bear,high,2,S 25500 CE / B 25700 CE,-82.45,15281,79,10640,-42,3,25424.65
2026-03-02,2026-03-04,2026-03-10,2026-03-10,expiry,Bear call spread,bear,high,1,S 25000 CE / B 25200 CE,-41.15,10325,58,2617,-56,3,24865.7
2026-03-11,2026-03-12,2026-03-17,2026-03-17,expiry,Bear call spread,bear,high,1,S 24300 CE / B 24500 CE,-18.3,11810,52,1137,-32,2,23866.85
2026-03-17,2026-03-18,2026-03-24,2026-03-24,expiry,Bear call spread,bear,high,1,S 24000 CE / B 24200 CE,-51.9,9626,59,3315,-27,1,23581.15
2026-03-25,2026-03-27,2026-03-30,2026-03-30,expiry,Bear call spread,bear,high,1,S 23500 CE / B 23700 CE,-11.2,12272,51,677,-28,2,23306.45
2026-03-30,2026-04-01,2026-04-02,2026-04-07,stop,Bear call spread,bear,high,3,S 22500 CE / B 22700 CE,-117.15,16156,350,-984,-35,2,22331.4
2026-04-02,2026-04-06,2026-04-07,2026-04-07,expiry,Bear call spread,bear,high,2,S 23000 CE / B 23200 CE,-81.0,15470,83,-5628,-26,2,22713.1
2026-04-08,2026-04-09,2026-04-13,2026-04-13,expiry,Iron condor,neu,high,1,S 23500 PE / B 23300 PE / S 24500 CE / B 24700 CE,-44.2,10127,106,2767,20,0,23997.35
2026-04-13,2026-04-15,2026-04-16,2026-04-21,stop,Bear call spread,bear,high,3,S 24000 CE / B 24200 CE,-123.9,14839,290,158,-46,3,23842.65
2026-04-16,2026-04-17,2026-04-21,2026-04-21,expiry,Iron condor,neu,high,2,S 24100 PE / B 23900 PE / S 24500 CE / B 24700 CE,-85.4,14898,128,1016,-11,1,24196.75
2026-04-21,2026-04-22,2026-04-27,2026-04-28,stop,Iron condor,neu,high,1,S 24000 PE / B 23800 PE / S 25000 CE / B 25200 CE,-51.0,9685,205,712,-3,2,24576.6
2026-04-27,2026-04-28,2026-04-29,2026-05-05,stop,Bull put spread,bull,high,2,S 24000 PE / B 23800 PE,-79.5,15665,158,3475,28,2,24092.7
2026-04-29,2026-04-30,2026-05-04,2026-05-05,stop,Iron condor,neu,high,2,S 24000 PE / B 23800 PE / S 24500 CE / B 24700 CE,-88.6,14482,239,4603,5,2,24177.65
2026-05-04,2026-05-05,2026-05-12,2026-05-12,expiry,Bull put spread,bull,high,2,S 24000 PE / B 23800 PE,-69.9,16913,154,-17067,31,3,24119.3
2026-05-12,2026-05-13,2026-05-15,2026-05-19,stop,Bear call spread,bear,high,2,S 23500 CE / B 23700 CE,-81.45,15412,175,-3951,-30,3,23379.55
2026-05-15,2026-05-18,2026-05-19,2026-05-19,expiry,Iron condor,neu,high,1,S 23500 PE / B 23300 PE / S 24000 CE / B 24200 CE,-39.1,10458,102,2440,-8,1,23643.5
2026-05-19,2026-05-20,2026-05-26,2026-05-26,expiry,Iron condor,neu,high,2,S 23500 PE / B 23300 PE / S 24000 CE / B 24200 CE,-91.3,14131,139,11730,3,0,23618.0
2026-05-26,2026-05-27,2026-06-02,2026-06-02,expiry,Iron condor,neu,high,2,S 23500 PE / B 23300 PE / S 24000 CE / B 24200 CE,-81.8,15366,127,8369,-11,1,23913.7
2026-06-02,2026-06-03,2026-06-09,2026-06-09,expiry,Bear call spread,bear,high,1,S 24000 CE / B 24200 CE,-18.05,11827,52,1122,-42,3,23483.55
2026-06-09,2026-06-10,2026-06-12,2026-06-16,stop,Iron condor,neu,high,3,S 23200 PE / B 23000 PE / S 23500 CE / B 23700 CE,-109.1,17726,318,-4160,1,2,23242.1
2026-06-12,2026-06-15,2026-06-16,2026-06-16,expiry,Bull put spread,bull,high,1,S 23400 PE / B 23200 PE,-0.45,12971,48,-18,20,2,23622.9
2026-06-16,2026-06-17,2026-06-18,2026-06-23,stop,Iron butterfly,neu,mid,6,S 24000 CE / S 24000 PE / B 24200 CE / B 23800 PE,-153.2,18252,494,72,-8,3,23989.15
2026-06-18,2026-06-19,2026-06-23,2026-06-23,expiry,Iron butterfly,neu,mid,4,S 24150 CE / S 24150 PE / B 24350 CE / B 23950 PE,-136.15,16601,228,-16829,7,4,24168.0
2026-06-23,2026-06-24,2026-06-25,2026-06-30,stop,Bear put spread,bear,mid,8,B 23800 PE / S 23600 PE,32.15,16718,145,-10077,-20,2,23824.1
2026-06-25,2026-06-29,2026-06-30,2026-06-30,expiry,Iron butterfly,neu,mid,3,S 24050 CE / S 24050 PE / B 24250 CE / B 23850 PE,-123.75,14869,146,-11944,4,4,24056.0
2026-06-30,2026-07-01,2026-07-02,2026-07-07,stop,Iron butterfly,neu,mid,6,S 23850 CE / S 23850 PE / B 24050 CE / B 23650 PE,-158.85,16049,583,-10119,9,1,23865.75
2026-07-02,2026-07-03,2026-07-07,2026-07-07,expiry,Iron butterfly,neu,mid,4,S 24200 CE / S 24200 PE / B 24400 CE / B 24000 PE,-132.75,17485,173,-17320,16,2,24175.7
2026-07-08,2026-07-09,2026-07-13,2026-07-14,stop,Bear call spread,bear,high,1,S 24200 CE / B 24400 CE,-29.1,11108,103,-2778,-43,3,23882.05
2026-07-14,2026-07-15,2026-07-20,2026-07-21,stop,Iron butterfly,neu,mid,5,S 24050 CE / S 24050 PE / B 24250 CE / B 23850 PE,-154.6,14755,421,-2355,13,1,24052.05
2026-07-20,2026-07-21,2026-07-22,2026-07-28,stop,Iron butterfly,neu,mid,6,S 24250 CE / S 24250 PE / B 24450 CE / B 24050 PE,-156.95,16790,575,-5236,5,2,24238.5
2026-07-22,2026-07-23,2026-07-24,2026-07-28,stop,Iron butterfly,neu,mid,5,S 24000 CE / S 24000 PE / B 24200 CE / B 23800 PE,-147.8,16965,432,-3145,-19,2,23996.25
2026-07-27,2026-07-28,2026-07-29,2026-08-04,stop,Iron butterfly,neu,mid,5,S 24000 CE / S 24000 PE / B 24200 CE / B 23800 PE,-152.3,15502,473,-6436,-7,2,23995.95
2026-07-29,2026-07-30,2026-08-04,2026-08-04,expiry,Iron butterfly,neu,mid,4,S 24250 CE / S 24250 PE / B 24450 CE / B 24050 PE,-140.8,15392,239,-15631,-6,1,24250.2
2026-08-04,2026-08-05,2026-08-06,2026-08-11,stop,Iron butterfly,neu,mid,5,S 24600 CE / S 24600 PE / B 24800 CE / B 24400 PE,-150.85,15974,423,-1901,-5,1,24614.9
2026-08-06,2026-08-07,2026-08-10,2026-08-11,stop,Iron butterfly,neu,mid,4,S 24650 CE / S 24650 PE / B 24850 CE / B 24450 PE,-139.8,15652,307,3489,-19,2,24636.0
2026-08-10,2026-08-11,2026-08-12,2026-08-18,stop,Iron butterfly,neu,mid,5,S 24600 CE / S 24600 PE / B 24800 CE / B 24400 PE,-151.1,15893,434,-2790,-11,1,24583.8
2026-08-12,2026-08-13,2026-08-18,2026-08-18,expiry,Iron butterfly,neu,mid,3,S 24450 CE / S 24450 PE / B 24650 CE / B 24250 PE,-133.65,12938,178,-13116,-10,2,24435.95
2026-08-18,2026-08-19,2026-08-25,2026-08-25,expiry,Long put,bear,low,1,B 24150 PE,135.2,8788,28,-8816,-39,2,24154.9
2026-08-27,2026-08-28,2026-09-01,2026-09-01,expiry,Long put,bear,low,6,B 24100 PE,40.85,15932,52,1254,-44,3,24090.85
2026-09-01,2026-09-02,2026-09-08,2026-09-08,expiry,Bear put spread,bear,mid,2,B 24050 PE / S 23850 PE,105.65,13734,143,12122,-29,3,24055.8
2026-09-09,2026-09-10,2026-09-15,2026-09-15,expiry,Bear put spread,bear,mid,3,B 23450 PE / S 23250 PE,69.35,13523,148,25329,-53,3,23431.5
2026-09-15,2026-09-16,2026-09-22,2026-09-22,expiry,Bear put spread,bear,mid,5,B 23100 PE / S 22900 PE,48.05,15616,86,-15702,-56,3,23118.6
2026-09-22,2026-09-23,2026-09-29,2026-09-29,expiry,Long put,bear,low,3,B 23350 PE,67.6,13182,184,110225,-22,2,23329.0
2026-09-29,2026-09-30,2026-09-30,2026-10-06,end,Bear put spread,bear,mid,3,B 22700 PE / S 22500 PE,87.85,17131,83,-473,-54,2,22716.2
